{"Amsterdam": [52.3730796, 4.8924534], "Annecy": [45.8992348, 6.1288847], "Berlin": [52.5173885, 13.3951309], "Bruxelle": [43.8322518, 4.376399], "Copenhagen": [55.6867243, 12.5700724], "Geneve": [46.2017559, 6.1466014], "Munich": [48.1371079, 11.5753822], "Paris": [48.8534951, 2.3483915], "Royan": [45.6245332, -1.0287636], "Stockholm": [59.3251172, 18.0710935], "Toulon": [43.1257311, 5.9304919], "Trollh\u00e4ttan": [58.2827931, 12.2908612], "Vienna": [48.2083537, 16.3725042], "Zurich": [47.3744489, 8.5410422], "Oslo": [59.9133301, 10.7389701]}